X1,X2,X3,X4,X5,X6,X7,class
0.723870544228703,0.422502585919574,0.51972768548876,0.400131521280855,0.859937430592254,0.66794925252907,0.0559837715700269,0
0.499702561879531,0.61160701373592,0.828554753214121,0.233513254206628,0.481274439487606,0.630890298634768,0.32974161580205,1
0.569439175305888,0.454712560633197,0.920637469505891,0.332636471604928,0.117943446617573,0.649224020773545,0.785443371161819,1
0.996765569085255,0.690262528602034,0.504759023664519,0.454743328504264,0.355703649809584,0.127691523637623,0.47949518612586,1
0.714786027790979,0.804133790079504,0.790820952737704,0.0688553806394339,0.973850929643959,0.848106579156592,0.371038995217532,0
0.491616733837873,0.763617088086903,0.464907581685111,0.920591470319778,0.73340119747445,0.199426846113056,0.596324425190687,1
0.119479756103829,0.242455719970167,0.0462886218447238,0.764662381727248,0.745698174228892,0.729521733475849,0.300191494869068,0
0.25359856756404,0.762613514671102,0.190222956705838,0.620837816270068,0.927799327298999,0.37664318527095,0.916430335957557,1
0.379774244967848,0.250235347775742,0.0282371218781918,0.978785854531452,0.966197285335511,0.258171856636181,0.454230330651626,1
0.754893458681181,0.266864895122126,0.455626097740605,0.550941084045917,0.186723860213533,0.0677944899071008,0.0638678425457329,0
0.248665679711848,0.784288639901206,0.835889535723254,0.367287485860288,0.23908422049135,0.28059384948574,0.04635811294429,0
0.18170817499049,0.312757097650319,0.945926673477516,0.883031387347728,0.784447375219315,0.909520618617535,0.454476653132588,1
0.432974482886493,0.604111269349232,0.0149239138700068,0.536841552937403,0.623513680417091,0.857225159183145,0.046293978812173,0
0.0322787121403962,0.720504851080477,0.958429436432198,0.136306449305266,0.472060879925266,0.896741282427683,0.635668759932742,1
0.551146095385775,0.822907252935693,0.564716395223513,0.509197072591633,0.672767472919077,0.18706509610638,0.514899645932019,1
0.928954787785187,0.448516269680113,0.478573855245486,0.75160039239563,0.301265498856083,0.954788596602157,0.131063067819923,0
0.325495037483051,0.539353106636554,0.973590466193855,0.873684976249933,0.715283155906945,0.562961104791611,0.478466552915052,1
0.767801777925342,0.0995692426804453,0.922835612669587,0.962589423405007,0.153125872835517,0.44636296806857,0.199700410012156,0
0.169229346793145,0.630043427459896,0.795470046577975,0.952209319220856,0.838267233222723,0.446421231841668,0.4944173397962,1
0.661769456695765,0.660566226346418,0.0203643825370818,0.354976509930566,0.818322808947414,0.629243995528668,0.789167857030407,1
0.365623440826312,0.61797376582399,0.670730007812381,0.339873745804653,0.454258652869612,0.0668451122473925,0.508741041412577,1
0.329169205855578,0.465304739307612,0.352840007981285,0.668828910915181,0.716858657775447,0.189249880379066,0.467326634097844,1
0.586696967016906,0.349582931725308,0.445708966813982,0.355784200131893,0.18844457459636,0.611469391500577,0.929919361835346,0
0.781958815641701,0.293286536587402,0.164455680875108,0.762194440467283,0.725005503278226,0.628559190547094,0.0399563447572291,0
0.763253334444016,0.993962320499122,0.198190840892494,0.430927814915776,0.322110874578357,0.479221190093085,0.227041788864881,0
0.852453828789294,0.707643448840827,0.343821749091148,0.0222024121321738,0.159573203884065,0.747993359807879,0.863282800884917,1
0.254181929398328,0.54362901696004,0.847243185853586,0.741132409079,0.865683809155598,0.727626952342689,0.890884600812569,1
0.603349270531908,0.00398160400800407,0.164368582423776,0.21104388916865,0.30798334418796,0.923254076391459,0.120749427936971,0
0.749836827395484,0.676416338188574,0.633887702133507,0.600968129234388,0.988970852689818,0.852150121005252,0.758678108453751,1
0.498737999470904,0.988118925830349,0.437049824511632,0.819540351629257,0.871331590460613,0.794199911877513,0.0629397972952574,0
0.750657657859847,0.918338123010471,0.847690366907045,0.718380565755069,0.222389834234491,0.193242711015046,0.318762333597988,1
0.600516791222617,0.442084439331666,0.0859518009237945,0.755763197084889,0.285146335838363,0.43966232216917,0.231763273710385,0
0.0129815230611712,0.797193341655657,0.755370357073843,0.344743537250906,0.882445059716702,0.906527223996818,0.47879485716112,1
0.608511246042326,0.898765832884237,0.956602332415059,0.853676429018378,0.242519439430907,0.543678862042725,0.0674072960391641,1
0.369038092438132,0.463011815911159,0.171145766507834,0.414142264984548,0.0569106999319047,0.806699241278693,0.431453318335116,1
0.792323677800596,0.685692694736645,0.659957119962201,0.253981411224231,0.357463184511289,0.507869718363509,0.059833055594936,0
0.0028673552442342,0.531374688027427,0.119223107816651,0.751781202387065,0.0997637938708067,0.88503053621389,0.978273666463792,1
0.682750654639676,0.11040275869891,0.728797588031739,0.419397579040378,0.809923730557784,0.818823857232928,0.0281480583362281,0
0.743660012958571,0.282718256115913,0.712606544839218,0.249290617182851,0.248929928988218,0.715196733130142,0.231096146861091,0
0.415009210351855,0.428083806764334,0.350582031533122,0.456845387816429,0.859084696276113,0.657685544807464,0.0983217679895461,0
0.217792805284262,0.6072355392389,0.00116199813783169,0.982473982963711,0.95000879606232,0.0503417321015149,0.124178858473897,0
0.179434600053355,0.220284509239718,0.122022248571739,0.994822651613504,0.62409831606783,0.376658301334828,0.638817836530507,1
0.426390177570283,0.594741066452116,0.390361216617748,0.513073579175398,0.22827615425922,0.460133963963017,0.617038996191695,1
0.68694415432401,0.872159781400114,0.068292502546683,0.642343023093417,0.93521846528165,0.610946891829371,0.523920817300677,1
0.00689850631169975,0.207239378243685,0.0181956617161632,0.0220272864680737,0.21704412274994,0.280032285489142,0.112912589916959,0
0.515081105520949,0.663563730427995,0.858747134683654,0.180506683187559,0.00137175945565104,0.592312501277775,0.132818012498319,0
0.0811685095541179,0.536896546836942,0.548451942158863,0.407796448795125,0.530790607910603,0.466082683531567,0.127142050070688,0
0.453915627906099,0.658702405635267,0.255079049849883,0.309537964174524,0.263596662785858,0.740477330051363,0.182285688119009,0
0.850039645796642,0.347114021424204,0.780486597446725,0.970708819804713,0.0816700512077659,0.126905654557049,0.751720339525491,1
0.417929566465318,0.167773051653057,0.308047227328643,0.427920194808394,0.431057836627588,0.441536450525746,0.8017257086467,0
0.398795732297003,0.0883041126653552,0.265147265279666,0.0306289584841579,0.945572518743575,0.508811417035758,0.764113968936726,1
0.737305431859568,0.751247032312676,0.217940802918747,0.6329866850283,0.896620371378958,0.868819239316508,0.897090169833973,1
0.698443753179163,0.768790530506521,0.364361931569874,0.907222470501438,0.777097366284579,0.367139966925606,0.477882002945989,1
0.53944875462912,0.481351403519511,0.572697894880548,0.75916934129782,0.939771392615512,0.591034769080579,0.429601910756901,1
0.502358437981457,0.954907807288691,0.333700411953032,0.835247185314074,0.464089726330712,0.69887186633423,0.639825749909505,1
0.283220059704036,0.853308936813846,0.0145239024423063,0.287237270735204,0.372116355923936,0.176257511135191,0.130542241036892,0
0.832644248148426,0.853431117953733,0.118293810170144,0.590269535314292,0.823874186724424,0.58635878469795,0.0960991012398154,0
0.278691400308162,0.305354037322104,0.602720888564363,0.0751049474347383,0.21842639404349,0.0567685132846236,0.0253674585837871,0
0.25116763683036,0.115792007884011,0.257666680263355,0.47062525479123,0.52387237153016,0.258752671768889,0.495994127122685,0
0.748326465720311,0.692266339669004,0.377221406903118,0.511812558863312,0.278020482044667,0.104635394411162,0.0359482921194285,0
0.984310385538265,0.763705982360989,0.471430473960936,0.57032382953912,0.864333444042131,0.146813550498337,0.299001172650605,1
0.0765866267029196,0.0583340260200202,0.140312851639464,0.0139245155733079,0.820368894375861,0.623346054228023,0.381619910942391,0
0.441324858693406,0.764084900030866,0.272798059973866,0.0945639291312546,0.178630486363545,0.719854585593566,0.0654471057932824,0
0.543293670285493,0.543645279482007,0.00601890846155584,0.103251876309514,0.163362295832485,0.419754473492503,0.539789478061721,1
0.0350972320884466,0.457224315963686,0.729327719192952,0.677198914811015,0.134271825430915,0.146775087574497,0.161126879742369,0
0.901906517101452,0.752073205076158,0.915809215046465,0.905261878389865,0.63813499128446,0.445363661274314,0.18019323493354,0
0.214440748328343,0.870768782217056,0.704851950518787,0.10378453694284,0.629855687730014,0.83140525361523,0.214827520074323,1
0.907333012670279,0.871041893493384,0.711416750214994,0.119790272787213,0.754029673524201,0.927199185593054,0.0889520738273859,0
0.958584842272103,0.370975100202486,0.820635310839862,0.828891310608014,0.607935747830197,0.0151295957621187,0.577648263191804,1
0.821584742050618,0.581737662199885,0.353126357542351,0.795192548306659,0.831282870378345,0.0816235770471394,0.33625348075293,0
0.28387989779003,0.0558620779775083,0.500879856059328,0.399457046296448,0.722199343144894,0.740773154422641,0.761296632234007,1
0.215083233779296,0.503597167320549,0.239496344001964,0.0757440757006407,0.638627004344016,0.439673520391807,0.420655518304557,1
0.90061769192107,0.25721885310486,0.994529931340367,0.435631867032498,0.469537150580436,0.822630453621969,0.468283585039899,1
0.322224937612191,0.26037059398368,0.0251586968079209,0.645048970589414,0.685232253745198,0.398066204972565,0.227025169879198,0
0.426826812792569,0.274012912530452,0.872602669754997,0.99457087693736,0.668982670409605,0.15433958475478,0.0492560362908989,1
0.457496795104817,0.452334031229839,0.0231301237363368,0.861146117094904,0.76234836387448,0.591023331973702,0.359491006471217,0
0.697013033088297,0.4948079676833,0.589938755845651,0.814852087758482,0.896900301799178,0.326969952788204,0.478194958763197,1
0.945974718313664,0.0917170934844762,0.588645044248551,0.340252867434174,0.290163034573197,0.446180129889399,0.483624843880534,1
0.77501462912187,0.194542352342978,0.125383907929063,0.472207634244114,0.421556807821617,0.940104735083878,0.253757920349017,0
0.794290192890912,0.951567350886762,0.321784554049373,0.187740976689383,0.00546919461339712,0.471711517777294,0.51643915916793,1
0.692753378301859,0.658993059769273,0.599919136846438,0.739390840288252,0.886861315229908,0.00106584560126066,0.526019062381238,1
0.899404757888988,0.301448872778565,0.856154616456479,0.26404506363906,0.962172567145899,0.658064669696614,0.86031669517979,1
0.579638544702902,0.78063060878776,0.429882332216948,0.743198031326756,0.694308666978031,0.0663247636985034,0.950325969839469,1
0.324275576975197,0.942761225393042,0.417583800852299,0.4181563842576,0.0733737091068178,0.914390574209392,0.730743972118944,1
0.369799884734675,0.0149840516969562,0.569187722867355,0.423287166748196,0.984292734181508,0.35637179412879,0.876257271505892,1
0.738651017891243,0.564945797203109,0.823753194883466,0.953243666794151,0.898808127036318,0.452440004562959,0.230055250460282,0
0.183621983043849,0.838609241647646,0.893974649021402,0.385972381336614,0.422396751353517,0.535449733491987,0.537293540546671,1
0.453843033406883,0.0323652452789247,0.621844779700041,0.170066028367728,0.649208396207541,0.309238735586405,0.428737231297418,1
0.72319491347298,0.046113234013319,0.742082617245615,0.671241495991126,0.0245448700152338,0.113775854697451,0.0481248337309808,0
0.368814232992008,0.617677455767989,0.981189090292901,0.568209513789043,0.82329374877736,0.017213094746694,0.0330144132021815,0
0.642225241754204,0.322109375149012,0.994150223443285,0.0725576649419963,0.333094732835889,0.727034849813208,0.897164004389197,1
0.402030343655497,0.75335984909907,0.579044283600524,0.595842773327604,0.738165500806645,0.245230897329748,0.435303197940812,1
0.381290611810982,0.0645821802318096,0.285013138549402,0.872201296500862,0.239276083419099,0.716380050638691,0.590647940291092,0
0.513663930585608,0.281148678390309,0.841916731325909,0.168303353711963,0.287208333844319,0.375807197066024,0.290983642218634,0
0.623308638576418,0.523055503377691,0.0132211919408292,0.650947829009965,0.566395417787135,0.957591572310776,0.114475055364892,0
0.931431300938129,0.998247810872272,0.377888964023441,0.503756813239306,0.380547871580347,0.733883892651647,0.302385349525139,1
0.246718648821115,0.487775045447052,0.102729415055364,0.557310160249472,0.337498784763739,0.267316293669865,0.276402591494843,0
0.929255782626569,0.800239593256265,0.734037317102775,0.664783884072676,0.618708675261587,0.991452462039888,0.841093179536983,1
0.988443918991834,0.936963473213837,0.293689168989658,0.808013594709337,0.290173517307267,0.928870393661782,0.125947901280597,0
0.194479468045756,0.723338849376887,0.690543496515602,0.155152932973579,0.0124506207648665,0.584598333807662,0.750697880750522,1
0.371828622883186,0.453771381173283,0.239070262759924,0.395364011637866,0.692531884415075,0.321862972108647,0.54024756886065,1
0.36880542174913,0.889278447488323,0.572439994895831,0.204006263520569,0.409277682425454,0.311447182670236,0.320667010033503,0
0.161178243812174,0.460252435645089,0.716503412462771,0.317032435676083,0.109303181990981,0.98834184021689,0.774401936912909,1
0.986325288657099,0.898817491019145,0.930817308370024,0.613267287379131,0.171151598682627,0.130769005278125,0.672132012201473,1
0.217958516674116,0.409980691736564,0.0236329433973879,0.0385970829520375,0.106989466119558,0.990476848790422,0.149158932967111,0
0.0274490138981491,0.0155781011562794,0.611078579211608,0.661346722161397,0.116104880580679,0.203967018751428,0.971569425193593,1
0.7565982141532,0.426385458791628,0.238349352730438,0.344247134635225,0.686149506364018,0.0131737457122654,0.00999835669063032,0
0.0636259235907346,0.103595297783613,0.162605638848618,0.989524968434125,0.505322439596057,0.803490484599024,0.2656033502426,0
0.345731541281566,0.549088082043454,0.18378784134984,0.245282187359408,0.276496699312702,0.630718779051676,0.589908806141466,1
0.404248489299789,0.848643540870398,0.95852635265328,0.889797715004534,0.568714225897565,0.933737287297845,0.569841379532591,1
0.234065030468628,0.088542650686577,0.0301099128555506,0.218911723932251,0.963099833345041,0.381416243966669,0.419576285406947,0
0.472288111690432,0.981318138539791,0.285341114038602,0.585658525815234,0.121075234143063,0.639543716562912,0.139519652351737,0
0.947710323380306,0.678489539539441,0.982604904100299,0.821356584085152,0.584952626610175,0.221774128964171,0.346293529728428,0
0.513486181152984,0.920940778683871,0.946407520910725,0.337103649508208,0.218065006658435,0.741937013808638,0.564239503117278,1
0.547411514446139,0.658377470448613,0.773117371369153,0.692943493835628,0.697909626178443,0.690420500235632,0.071094990009442,0
0.209830749547109,0.97028492228128,0.911954281385988,0.416587221436203,0.000200380804017186,0.769920462509617,0.932809803402051,1
0.386056580580771,0.734476247802377,0.185956565197557,0.998909918824211,0.683574029710144,0.719827858032659,0.283653292106465,1
0.475801954744384,0.121212001889944,0.110473620006815,0.667117583565414,0.795542377512902,0.463451398536563,0.608338379301131,1
0.323170538293198,0.871024010237306,0.0941450437530875,0.970039670588449,0.95036458875984,0.922286237357184,0.903948790160939,1
0.209013989195228,0.395843091187999,0.874815351795405,0.58781404257752,0.536522877635434,0.728458228055388,0.701952431350946,1
0.200598639901727,0.357167871668935,0.977709686849266,0.821414061821997,0.196987899951637,0.43833429319784,0.411044480744749,1
0.20140184299089,0.851109121926129,0.939763181842864,0.646232309285551,0.978173895506188,0.582856637891382,0.203910853713751,1
0.0236235784832388,0.0849177318159491,0.098172070691362,0.778678546892479,0.209609391633421,0.629547794349492,0.146939058788121,0
0.896113888593391,0.468843336217105,0.821785141481087,0.482014247449115,0.40752325206995,0.888112456537783,0.63015224202536,1
0.64189984742552,0.620496645569801,0.748254963662475,0.284876009216532,0.373679022537544,0.421131083276123,0.558589052874595,1
0.668057015165687,0.684209070168436,0.398789879167452,0.733998031588271,0.553619689308107,0.0748168136924505,0.686537295812741,1
0.446976584149525,0.807137397350743,0.904485720908269,0.549411608139053,0.815915524726734,0.126875473419204,0.118084280984476,0
0.728582562180236,0.739837411791086,0.612352547002956,0.69587201019749,0.035112508572638,0.344011735869572,0.413064608583227,1
0.700236862991005,0.423491997411475,0.461208982625976,0.573532436508685,0.776445490308106,0.917966741370037,0.731236714404076,1
0.701088052708656,0.690600676694885,0.789716308237985,0.86307300045155,0.0919654285535216,0.772105685668066,0.934820265276358,1
0.13791623339057,0.52999607892707,0.923051160294563,0.133728752378374,0.0740739102475345,0.53970594285056,0.13586610625498,0
0.426751775899902,0.985684545477852,0.483656921889633,0.667815877590328,0.457926973700523,0.940443964442238,0.995425615925342,1
0.413947140332311,0.499327856115997,0.905293547548354,0.971285394625738,0.472374809905887,0.205079554812983,0.141462349332869,1
0.425309704616666,0.922354522626847,0.989705915795639,0.190255427267402,0.39773424109444,0.177914965897799,0.928897896083072,1
0.579101925250143,0.506427260814235,0.959319911664352,0.759512624004856,0.701780673582107,0.762152794981375,0.949276015395299,1
0.886395326117054,0.652651750715449,0.00374910165555775,0.94758694479242,0.206084111472592,0.0983216864988208,0.359094252577052,0
0.590274643152952,0.27271850570105,0.977203529328108,0.367648378480226,0.700957418652251,0.24639411456883,0.552575739799067,1
0.73520446382463,0.07248913962394,0.909149555722252,0.426697022514418,0.657655018847436,0.284233388956636,0.219971668673679,0
0.377147537656128,0.888823955319822,0.411933311028406,0.222046503797174,0.905861967941746,0.316492597572505,0.597549495054409,1
0.952050505904481,0.790015031350777,0.837331550894305,0.596338915871456,0.0638070576824248,0.925268135499209,0.635325060458854,1
0.978535151109099,0.0348350002896041,0.256299218395725,0.712242203764617,0.349736964097247,0.257749535609037,0.582967506255955,0
0.608033351833001,0.676635087234899,0.827212975826114,0.864750566193834,0.403221268905327,0.547618782846257,0.985402142396197,1
0.237607023445889,0.619190223049372,0.14642827026546,0.312086958438158,0.543140358058736,0.887472461210564,0.260250953026116,0
0.153867400949821,0.0317885812837631,0.227849250426516,0.692820942495018,0.0783811616711318,0.367125480668619,0.119221175322309,0
0.292360868072137,0.957996048033237,0.430677117081359,0.254282579990104,0.808776034973562,0.0509084027726203,0.311598118860275,0
0.881839693756774,0.0198852512985468,0.343368733068928,0.293047906598076,0.882971057668328,0.995782353449613,0.776425802847371,1
0.0735901594161987,0.491071857279167,0.811631217598915,0.322903485270217,0.125777411507443,0.259040328208357,0.977512172423303,1
0.270460652187467,0.404681587824598,0.525597776286304,0.135456671006978,0.302601492032409,0.801644531777129,0.272230607224628,0
0.503732687328011,0.517410265747458,0.140372309833765,0.662853024434298,0.283110707998276,0.611283640610054,0.0687424391508102,0
0.452814729418606,0.987331719370559,0.376209417590871,0.285948883276433,0.501316610025242,0.56457765516825,0.581009721849114,1
0.420168896904215,0.82984331343323,0.342911960789934,0.720299851614982,0.872120794840157,0.341049789916724,0.401718270266429,1
0.448217630852014,0.643794438336045,0.223625832237303,0.609091878170148,0.340156275546178,0.815202373079956,0.289366538636386,0
0.027496246388182,0.561058617196977,0.0188533239997923,0.290500072995201,0.522609323263168,0.882239285157993,0.275828687706962,0
0.58643217314966,0.26346689555794,0.588214971125126,0.840732996119186,0.843789648963138,0.111772596370429,0.840283919125795,1
0.404542906209826,0.23749127285555,0.589451455278322,0.457751951413229,0.737272442318499,0.0674664180260152,0.683515642071143,1
0.773460100870579,0.966439699288458,0.170079083181918,0.352442922070622,0.928617073688656,0.654198547592387,0.977186663541943,1
0.165352204814553,0.913386086700484,0.777206290513277,0.234881818294525,0.720886406255886,0.351622625719756,0.435509188333526,1
0.457323221024126,0.231293449178338,0.26595108048059,0.873904976528138,0.0437531450297683,0.283335259649903,0.425313429441303,1
0.706457604886964,0.69066362711601,0.86251254635863,0.867999927140772,0.536958272801712,0.888693696120754,0.857306067366153,1
0.486584451049566,0.60385136352852,0.923703921260312,0.993644358823076,0.755413422361016,0.0994252299424261,0.816523539600894,1
0.729500901419669,0.652255408000201,0.759347913088277,0.563022785354406,0.0972488336265087,0.795645815087482,0.917387138586491,1
0.837849343195558,0.35798226762563,0.621917463839054,0.119079218478873,0.687462447909638,0.00185711681842804,0.49810330895707,1
0.815920971566811,0.376446146750823,0.839626242173836,0.809853413840756,0.185702051967382,0.854219926521182,0.768745967419818,1
0.91849828697741,0.572183050913736,0.490103221265599,0.137631574878469,0.514215903123841,0.663060348248109,0.242746019270271,0
0.256297155516222,0.111148797441274,0.494808007031679,0.54747928539291,0.906308473553509,0.657497606705874,0.0973854917101562,0
0.272939868737012,0.975789227057248,0.25639015971683,0.924613246461377,0.529766337713227,0.238477805396542,0.204421713249758,1
0.13484116923064,0.900684632593766,0.931832061614841,0.787152716424316,0.223780141212046,0.0899294158443809,0.340977491578087,1
0.525296108797193,0.246414043474942,0.810592334251851,0.990971040446311,0.193804796319455,0.256822624709457,0.860549127915874,1
0.318237808765844,0.882480601780117,0.82305167010054,0.515754716936499,0.616579213645309,0.589550401084125,0.235860442742705,0
0.907649459550157,0.533920635934919,0.423272797605023,0.521173578454182,0.330934877740219,0.595713667571545,0.289174646837637,0
0.799231594195589,0.760188228683546,0.304402521578595,0.391498798737302,0.651080352021381,0.88335370272398,0.572258583270013,1
0.926896344171837,0.879167085746303,0.911851749988273,0.910375426756218,0.0458825023379177,0.588481307961047,0.320324381114915,0
0.766328344587237,0.127538817701861,0.389997333055362,0.0527020250447094,0.790953235235065,0.0926391438115388,0.934172073379159,1
0.719488496426493,0.155160397989675,0.688765808474272,0.838717619888484,0.381270383950323,0.205026938347146,0.354940799530596,0
0.610887099755928,0.726997182704508,0.407244702801108,0.736126465257257,0.0888534137047827,0.634359114104882,0.236615931149572,0
0.689317914424464,0.670050831045955,0.468449970474467,0.019963419996202,0.825036245863885,0.348499636165798,0.149301019264385,0
0.874668261734769,0.689739633118734,0.575503982836381,0.716891227755696,0.51067478233017,0.219865274615586,0.65609916113317,1
0.81091982871294,0.797975260997191,0.959673418896273,0.256880840752274,0.480766149470583,0.693063491024077,0.542465554783121,1
0.650673143565655,0.906751020578668,0.261721107410267,0.837025138083845,0.578394960844889,0.790486881742254,0.452176122227684,1
0.35740018915385,0.538146760081872,0.874437238555402,0.407153603387997,0.540678615681827,0.796991035807878,0.388762210728601,0
0.444144908105955,0.622869666432962,0.637901386246085,0.685421788133681,0.688361616339535,0.416427534539253,0.000570522155612707,0
0.409125008853152,0.601535871857777,0.832619810011238,0.178492640145123,0.932754263980314,0.498865560162812,0.800191444111988,1
0.0444470706861466,0.619239198975265,0.0758171298075467,0.626484019914642,0.973957551643252,0.914500172948465,0.406101839616895,1
0.25287181767635,0.38331977953203,0.389244145480916,0.837742240866646,0.711943498579785,0.219398212619126,0.890618327539414,1
0.389655211241916,0.763132066931576,0.406420856714249,0.0630370057187974,0.844939622096717,0.310199031839147,0.781316658947617,1
0.811404328793287,0.689709457801655,0.113631349755451,0.791922393720597,0.499041082570329,0.27862978191115,0.537049781996757,1
0.991514206631109,0.391079044668004,0.427132410695776,0.949568025069311,0.432773365406319,0.459956608712673,0.62696939567104,1
0.0906654708087444,0.566824530018494,0.339031583862379,0.379060328705236,0.955802124459296,0.858261492103338,0.774058116134256,1
0.777426198357716,0.787141495617107,0.742622322868556,0.833110498264432,0.358394808135927,0.401742106769234,0.510724522871897,1
0.338654669933021,0.0597269518766552,0.480093627702445,0.628717289771885,0.915483943419531,0.5199759316165,0.303850163239986,0
0.817491837078705,0.401312458794564,0.945077045354992,0.867752283578739,0.883507686899975,0.539813434705138,0.979468783829361,1
0.640882501611486,0.934929182054475,0.899729524739087,0.306193191092461,0.748904407024384,0.19606184726581,0.482361179543659,1
0.147659061243758,0.882354160305113,0.599006049102172,0.459376592887565,0.458122504409403,0.720550517784432,0.979999884497374,1
0.59171317378059,0.629829756915569,0.943325919797644,0.41872550942935,0.38142716162838,0.268942744936794,0.259549331618473,0
0.568205884890631,0.822587467264384,0.455259998561814,0.00488743744790554,0.511172922095284,0.820550562813878,0.252264143666252,0
0.896619296632707,0.0323228652123362,0.0562438180204481,0.859242116101086,0.850575516466051,0.583104298682883,0.0680118638556451,0
0.768818611511961,0.212922992650419,0.266299674520269,0.870371184078977,0.27248597657308,0.829088096041232,0.454066655598581,1
0.512444427935407,0.965021308744326,0.692418950377032,0.95618350035511,0.530422281939536,0.79527971544303,0.660065344534814,1
0.919895268045366,0.972417948069051,0.403636518400162,0.919631032040343,0.749216323718429,0.658992283744738,0.568425016012043,1
0.587949902517721,0.104255071375519,0.752655230462551,0.366268068086356,0.985316258156672,0.897829085588455,0.767757193185389,1
0.14382904372178,0.193554728291929,0.664543885504827,0.0118606470059603,0.965446748305112,0.845047314884141,0.563256986206397,1
0.310143794631585,0.691608932800591,0.634712329600006,0.327175910118967,0.611802558414638,0.302649110788479,0.296659813495353,0
0.481090115848929,0.77657455787994,0.554588325321674,0.351680791238323,0.0448116303887218,0.508783548371866,0.969921130919829,1
0.647114859893918,0.138627071399242,0.855527029372752,0.506780854659155,0.943032433977351,0.448514601681381,0.942408323055133,1
0.935260147089139,0.518574028974399,0.068710021674633,0.347238772548735,0.297026187414303,0.50270064547658,0.0226960622239858,0
0.488610408268869,0.283772777765989,0.784917331300676,0.12324378406629,0.340671270852908,0.202493058750406,0.162359612528235,0
0.7274610765744,0.240885705919936,0.254559968365356,0.607562819728628,0.681773850694299,0.761509853880852,0.60434823972173,1
0.806408656295389,0.428555995691568,0.282546579372138,0.511018944438547,0.222049046540633,0.539229661459103,0.484753041295335,0
0.917404006933793,0.991312626982108,0.807111313799396,0.548838176066056,0.160300337709486,0.979957634350285,0.735916769597679,1
0.661521883215755,0.261175242252648,0.417846131604165,0.182265560841188,0.731913025025278,0.276510828640312,0.441471767378971,1
0.538010936928913,0.710544352186844,0.986860311124474,0.667490585241467,0.457043248228729,0.88530183234252,0.0823013337794691,0
0.993393060052767,0.0478585176169872,0.609588518738747,0.35942265111953,0.233412826899439,0.933071857318282,0.772804728941992,1
0.579046749742702,0.0585217566695064,0.288693242240697,0.0106805050745606,0.695701513672248,0.250362547347322,0.596191750140861,1
0.941631244495511,0.138351322617382,0.424540334381163,0.976592421531677,0.776311087189242,0.441295000491664,0.538207527250051,1
0.852133587468415,0.680898724822327,0.960227616596967,0.915553711587563,0.468524232506752,0.909033808624372,0.0128363075200468,0
0.546868603676558,0.955238163936883,0.0174748271238059,0.995588135439903,0.365339186042547,0.848631138447672,0.194110536715016,0
0.217652923893183,0.128149077063426,0.512438792502508,0.809285442344844,0.870050058932975,0.161830190103501,0.00431777210906148,0
0.881459795171395,0.0956655584741384,0.0418248169589788,0.755130667239428,0.871954457601532,0.716395001625642,0.0110687566921115,0
0.0564471569377929,0.120329411700368,0.207880337489769,0.539838067954406,0.535651324782521,0.819912836654112,0.662700216518715,1
0.380735489772633,0.913159882416949,0.247539757518098,0.57293596980162,0.515296334167942,0.705114966956899,0.460572879295796,1
0.00995701225474477,0.181200003251433,0.648286033654585,0.129573059966788,0.919457836775109,0.834258878836408,0.219813041388988,0
0.446310845669359,0.154046742012724,0.300632366910577,0.776022336212918,0.951405642088503,0.0225764680653811,0.528291253373027,0
0.36765540833585,0.518180920742452,0.864577628672123,0.392130128107965,0.645470810588449,0.330213447799906,0.584369491320103,1
0.822218583431095,0.90074895019643,0.835735885892063,0.0148929199203849,0.525744589744136,0.0373912856448442,0.339147608028725,0
0.629840635228902,0.236211201176047,0.0706880488432944,0.798655629623681,0.367008611792699,0.645729736657813,0.757993698818609,1
0.360842071706429,0.309690757654607,0.130190584808588,0.474984992993996,0.279184447368607,0.65010145236738,0.748441303847358,0
0.11450135265477,0.330556794302538,0.050832700682804,0.993497896473855,0.1333693403285,0.00306586478836834,0.641757260542363,1
0.422568801790476,0.743666089838371,0.674378331983462,0.714564271969721,0.807677221717313,0.850009907502681,0.144650358706713,1
0.625061043538153,0.665857043582946,0.680054666940123,0.881063226843253,0.149962643394247,0.702475913800299,0.457046317867935,1
0.173205889528617,0.71476643695496,0.273347614100203,0.712906650034711,0.917943502776325,0.595401492435485,0.959240919910371,1
0.920762685826048,0.188332286197692,0.199540129397064,0.26172703364864,0.00211016973480582,0.858898061094806,0.910157452803105,1
0.805061431601644,0.740667608100921,0.261712845647708,0.0849354241508991,0.212974285008386,0.0865982144605368,0.113849017070606,0
0.158678179141134,0.47641626582481,0.424331603571773,0.803894608281553,0.320454872678965,0.260017229011282,0.835935265058652,1
0.861476342426613,0.488009887747467,0.145493195159361,0.960402314784005,0.473438483197242,0.894845593487844,0.711458232719451,1
0.301259029423818,0.697605614317581,0.289761925814673,0.290844464907423,0.98779289261438,0.748636500444263,0.150468136416748,0
0.549123696284369,0.830882470589131,0.985664874780923,0.0454916940070689,0.534641167614609,0.135412242962047,0.191208887146786,0
0.968277788255364,0.358254839899018,0.0240896218456328,0.19499500375241,0.258082825224847,0.750814826926216,0.988096073037013,0
0.0117428675293922,0.644448336679488,0.362029435578734,0.902537394547835,0.532954423455521,0.989040096057579,0.00147809600457549,0
0.149819063255563,0.2516354622785,0.126765631139278,0.875833204016089,0.764302753144875,0.995356406550854,0.682925201021135,1
0.166891447035596,0.856104592559859,0.731121164280921,0.476022724295035,0.111308732768521,0.437973791034892,0.0524687760043889,0
0.88937167590484,0.346234456403181,0.247611920814961,0.464320429833606,0.402350739808753,0.334189284592867,0.465626492165029,1
0.916293088812381,0.493974732002243,0.128149377647787,0.399751455057412,0.125058113131672,0.816252574790269,0.429740472929552,0
0.692042388254777,0.125878216233104,0.885771847562864,0.425628861645237,0.580214267363772,0.805281120818108,0.471064956625924,1
0.278536374447867,0.591439743060619,0.902944783912972,0.160183263942599,0.782424762612209,0.556514048948884,0.383511227555573,1
0.334845657460392,0.746938299853355,0.555134221212938,0.972907153656706,0.229753721505404,0.575574919115752,0.202303132042289,0
0.882498705061153,0.231356615200639,0.784835475031286,0.277316795429215,0.967318556038663,0.382461579283699,0.0544939073733985,0
0.74027959886007,0.0716678712051362,0.521260639186949,0.530809932155535,0.550512700108811,0.687963888281956,0.406425643712282,1
0.988509297836572,0.459529814776033,0.0306616220623255,0.348928935360163,0.163151563378051,0.344487143214792,0.204046824015677,0
0.450759780826047,0.365452591329813,0.87118188617751,0.101706903893501,0.0427573926281184,0.551001264713705,0.0308886922430247,0
0.969695241656154,0.970346544636413,0.0168741615489125,0.306666129501536,0.141300415620208,0.967148350784555,0.458796519786119,1
0.281368960160762,0.55975952418521,0.791351313237101,0.89157349569723,0.85309771168977,0.435561570571736,0.609157745726407,1
0.0565352817066014,0.355473512550816,0.736711106961593,0.829992682905868,0.025891336845234,0.290215266402811,0.209872044855729,0
0.248792929807678,0.847158922348171,0.619448245270178,0.829502103617415,0.434454224072397,0.340778901707381,0.860879449406639,1
0.0555171873420477,0.579422431765124,0.843072306830436,0.253832248738036,0.195148942992091,0.126274642068893,0.377432000823319,0
0.376408368116245,0.432843617163599,0.641883824951947,0.158719516126439,0.614429908571765,0.475444245617837,0.720078877871856,1
0.857795487856492,0.478041344322264,0.862437467789277,0.822143083205447,0.63904734631069,0.54876492312178,0.554048931924626,1
0.705118622398004,0.0908959854859859,0.555495660053566,0.883033604826778,0.930955319199711,0.80545655102469,0.221451952122152,0
0.23920694575645,0.0360772411804646,0.361664640251547,0.68248625844717,0.235443977173418,0.204372876090929,0.548879792448133,1
0.261839519487694,0.935724608134478,0.794454609276727,0.260153254494071,0.211456225486472,0.671110097318888,0.0733354249969125,0
0.0967191895470023,0.891829143278301,0.659622746752575,0.246374132344499,0.699070219649002,0.0731017645448446,0.00282118795439601,0
0.779274817788973,0.39130112552084,0.247285005170852,0.0970235846471041,0.0501470984891057,0.273122914601117,0.896443295525387,1
0.41162219340913,0.420871172565967,0.847129767062142,0.108964416198432,0.254264225019142,0.452298314543441,0.629951623501256,0
0.550616165390238,0.37737909401767,0.0503344901371747,0.88604511343874,0.724816750735044,0.640441303607076,0.741858070949093,1
0.0575010562315583,0.269459467381239,0.752632672898471,0.932805693941191,0.898297297535464,0.108980480348691,0.748943127924576,1
0.694990163901821,0.342663529329002,0.904405734501779,0.256726957857609,0.232583551900461,0.0811414173804224,0.580373792676255,0
0.988750269170851,0.897503605345264,0.88805390545167,0.973383284639567,0.345741792349145,0.26954231900163,0.439074041554704,1
0.49186100717634,0.967154227430001,0.173961268737912,0.359208849491552,0.79519832925871,0.0701609905809164,0.987111633410677,1
0.881898705614731,0.477470298530534,0.0950499763712287,0.672991233645007,0.177286486141384,0.946338342037052,0.908110354794189,1
0.400883485097438,0.785479374229908,0.792136813048273,0.458102686097845,0.239189860643819,0.184772677253932,0.476709238486364,0
0.27000195812434,0.76367124915123,0.0209061289206147,0.379490082385018,0.32464949414134,0.282938565127552,0.0644230844918638,0
0.530454386258498,0.723399806534871,0.0727123722899705,0.759659777162597,0.747757736127824,0.303626370616257,0.252019782550633,0
0.902201108401641,0.718274473911151,0.595424256520346,0.652259417111054,0.457068466581404,0.0689406285528094,0.322599776089191,0
0.977952886838466,0.117235640063882,0.976074694190174,0.922167446929961,0.330508293118328,0.532046913169324,0.311070655006915,0
0.0706262963358313,0.959475243696943,0.63842404820025,0.134461993584409,0.921323503600433,0.105179010890424,0.722559324000031,1
0.343575714854524,0.0131786882411689,0.924914178904146,0.0882390537299216,0.233433319721371,0.130988427903503,0.0611279506701976,0
0.512781029334292,0.669365107314661,0.966245763236657,0.24600925296545,0.358176430221647,0.265063707251102,0.533755369950086,1
0.166285433340818,0.14778336789459,0.978706541005522,0.18488732073456,0.918328983010724,0.907199294771999,0.589121523778886,1
0.532561377855018,0.352827130118385,0.963110517244786,0.129725016420707,0.94372779596597,0.273461373755708,0.307492890860885,0
0.970532769104466,0.332648886367679,0.520018735202029,0.880111587932333,0.536343123298138,0.321535237831995,0.280259827850387,0
0.730575501453131,0.879832553677261,0.335560646606609,0.833205980248749,0.21121245669201,0.576605584472418,0.388700943207368,0
0.141258519608527,0.938667655456811,0.201182579621673,0.172647430561483,0.252454288071021,0.210136914160103,0.640314553165808,1
0.778180348919705,0.698908818885684,0.0677777484524995,0.229866123059765,0.862388844834641,0.958097233437002,0.774080925853923,1
0.443054460687563,0.0248696547932923,0.457101816078648,0.402794453082606,0.879981218837202,0.420388758881018,0.676069807494059,1
0.277261303272098,0.221470413031057,0.081369558814913,0.895617151632905,0.0511442024726421,0.684555650223047,0.715289933141321,1
0.836882847594097,0.317018937319517,0.113309500040486,0.228327224031091,0.495468375971541,0.491312384372577,0.506966484710574,1
0.333059208933264,0.866331831086427,0.265910958871245,0.656870517879725,0.259008331922814,0.384756234940141,0.279548889491707,0
0.511528582544997,0.576892935670912,0.168941826093942,0.445613379124552,0.165119020501152,0.152961833402514,0.219007093459368,0
0.164727837778628,0.88449984928593,0.744695397559553,0.0392440420109779,0.649592395406216,0.708531405776739,0.368640997447073,0
0.953445610124618,0.383435210911557,0.977680684765801,0.737015387509018,0.240543052786961,0.141464886022732,0.555707331513986,1
0.621900135651231,0.473273857729509,0.718828025972471,0.759671875275671,0.87016859697178,0.946784904226661,0.544530030107126,1
0.72453349060379,0.605813547503203,0.660289175575599,0.588082769419998,0.601926961680874,0.670201499946415,0.826737035065889,1
0.762430230388418,0.688636615639552,0.58842825749889,0.966527428478003,0.297905803890899,0.196981137618423,0.818462958559394,1
0.978580449707806,0.897550163324922,0.880997015628964,0.146015330217779,0.932121962076053,0.377068008994684,0.799508373253047,1
0.2626707109157,0.771262384252623,0.396820490481332,0.283454495482147,0.498815063154325,0.471195080550388,0.606331759365276,1
0.981344427214935,0.3883526714053,0.440376072656363,0.0978790414519608,0.381589834345505,0.00010643363930285,0.536768707213923,1
0.906686145113781,0.870911470614374,0.95841662120074,0.598101942334324,0.0990212690085173,0.209032755112275,0.674415432615206,1
0.282188266981393,0.447849556338042,0.922500779852271,0.932011956814677,0.513083346420899,0.369812614284456,0.634125648066401,1
0.747030824888498,0.967570829670876,0.97127534286119,0.0822134267073125,0.13629122916609,0.607115743681788,0.385464416816831,1
0.135540865827352,0.43722825567238,0.931980005465448,0.25140344700776,0.484986192779616,0.371773744467646,0.240165151190013,0
0.642650014953688,0.867035603150725,0.786069729132578,0.634799234569073,0.562943084165454,0.474112298572436,0.47083354764618,1
0.523044843459502,0.654543015640229,0.413683120859787,0.486752321012318,0.304611256578937,0.101503198733553,0.290783272590488,0
0.73460928327404,0.398023697314784,0.581832582363859,0.284820426953956,0.552064452320337,0.69423261214979,0.952518456615508,1
0.174416814465076,0.161325837252662,0.576228643301874,0.564922482240945,0.944556884700432,0.981643387814984,0.295271991519257,0
0.248863362707198,0.907016983255744,0.00727951503358781,0.543580974685028,0.751962327864021,0.640952398767695,0.608468755614012,1
0.867969150422141,0.199881391366944,0.585793458623812,0.969054493587464,0.4554931554012,0.551608108915389,0.261379009811208,0
0.345794319175184,0.102820010390133,0.661742560798302,0.221077988389879,0.235648334724829,0.492189337266609,0.113112227525562,0
0.543760832631961,0.123295781202614,0.00539996149018407,0.692513986723498,0.291901501361281,0.403935934882611,0.685184835223481,0
0.550383685622364,0.454622856806964,0.0980055881664157,0.802826413186267,0.349807378835976,0.646898080594838,0.405422623036429,1
0.560197930084541,0.00568060483783484,0.00645972532220185,0.0823184251785278,0.0135124810039997,0.772426969138905,0.839856049511582,0
0.2381425506901,0.338154233060777,0.204282114747912,0.501103314803913,0.713971173157915,0.616400700761005,0.234025480225682,0
0.378224077168852,0.909827777883038,0.412249903194606,0.0387616830412298,0.481394119327888,0.327977084321901,0.404790387256071,1
0.744288168847561,0.132950418628752,0.110538738546893,0.0186639500316232,0.45085593406111,0.547079610871151,0.231853017117828,0
0.0722087023314089,0.777573931729421,0.376854222267866,0.407068488653749,0.11659358930774,0.101693284465,0.209497950971127,0
0.172579421428964,0.0598739678971469,0.458335949108005,0.659013766562566,0.520535976625979,0.86030202335678,0.794567694189027,1
0.612066705478355,0.409294650191441,0.849381481064484,0.847228149650618,0.0911084897816181,0.806284579215571,0.347431353293359,0
0.406869254540652,0.760363302426413,0.247648052871227,0.515726582147181,0.448420517612249,0.558911943109706,0.506834458792582,1
0.14495506696403,0.591853254241869,0.806041994364932,0.56120975012891,0.720865129260346,0.252317296108231,0.256030270131305,0
0.359885217854753,0.257025785977021,0.354800454340875,0.358282800763845,0.211742294486612,0.678312285337597,0.792672285577282,1
0.176630777074024,0.306484774919227,0.0878969558980316,0.0745598317589611,0.98885626764968,0.154505220009014,0.807211842387915,1
0.0662970091216266,0.902580661699176,0.947351710870862,0.266425836598501,0.317978880601004,0.715901933144778,0.814226992661133,1
0.994842560961843,0.345660754246637,0.48907258710824,0.198149404954165,0.821410999400541,0.102181472582743,0.357506583211944,0
0.325331869069487,0.68729146849364,0.00814834819175303,0.61697008786723,0.597375417826697,0.0798444068059325,0.770901343319565,1
0.85365169076249,0.849701930303127,0.175364339957014,0.000682127429172397,0.825384123250842,0.681743419263512,0.983075922355056,1
0.395148203475401,0.80440870532766,0.942850269610062,0.118315589847043,0.323950187070295,0.0392192171420902,0.873886008979753,1
0.152886189054698,0.882320020115003,0.333205586997792,0.953280317597091,0.287439983803779,0.828812958439812,0.599506254540756,1
0.845707183005288,0.739751906599849,0.918895782204345,0.754373676609248,0.77667371253483,0.214099805802107,0.846250320551917,1
0.158327727112919,0.119236228987575,0.17742281104438,0.545513699762523,0.880683780647814,0.289545416366309,0.529091747943312,1
0.372658396372572,0.730626516276971,0.0307835503481328,0.173894695704803,0.918229582253844,0.0661748258862644,0.113651731051505,0
0.891756476834416,0.653683913173154,0.725970957195386,0.897744565270841,0.284969256725162,0.955284401541576,0.0379184696357697,0
0.00731725990772247,0.91123382258229,0.228039027424529,0.553468405269086,0.422718597110361,0.0505236422177404,0.548572195228189,1
0.178273742320016,0.0312175843864679,0.548405606066808,0.965694470098242,0.565689144423231,0.310017698677257,0.910616386216134,1
0.976502886973321,0.210714613087475,0.861090060090646,0.634429888101295,0.891313982661813,0.184647177811712,0.135402775136754,0
0.551908111665398,0.629424997372553,0.519206711556762,0.141507693333551,0.398359979270026,0.625964134931564,0.813566470053047,1
0.287077696761116,0.551655368646607,0.232670544181019,0.348764570895582,0.981714055174962,0.536443927092478,0.764742906205356,1
0.618592133978382,0.899008634267375,0.513342239893973,0.839518128661439,0.501787526765838,0.617244574474171,0.242656880989671,1
0.500918131554499,0.587415570626035,0.927309012506157,0.646242054877803,0.147057286463678,0.652472225716338,0.204031246481463,1
0.933901665965095,0.676884699845687,0.217877135844901,0.182544294511899,0.299161507980898,0.0162638099864125,0.579752318561077,0
0.952090092003345,0.684058854123577,0.749882015865296,0.349450781010091,0.0706388431135565,0.525404163636267,0.612532270140946,1
0.124168200185522,0.330451519694179,0.624788137851283,0.850228186696768,0.852434298954904,0.104431787040085,0.437110368395224,1
0.779278555186465,0.277810890227556,0.341096192831174,0.546431097202003,0.939494735794142,0.449313761666417,0.687738198088482,1
0.605991833843291,0.533351040445268,0.22140681813471,0.508389577968046,0.370643947040662,0.54640721087344,0.85510840639472,1
0.452403407078236,0.570495929103345,0.994066484970972,0.686128767207265,0.634081103140488,0.776426041964442,0.36510155024007,0
0.390967071056366,0.0902198541443795,0.0782189560122788,0.970414907904342,0.679637335473672,0.757249605376273,0.540793451713398,1
0.191337733296677,0.584258178249002,0.699209560407326,0.852409202838317,0.378239997662604,0.189557523699477,0.161221431568265,0
0.592242342419922,0.774418133078143,0.786219180095941,0.133730441564694,0.910332801751792,0.0443632905371487,0.0545396546367556,0
0.236622810130939,0.520026275422424,0.185957584530115,0.157509761396796,0.948597613489255,0.397368731442839,0.464334379183128,0
0.689028963446617,0.741141308331862,0.878708931850269,0.0941906168591231,0.950615720590577,0.622372084064409,0.62978654447943,1
0.214145637582988,0.260285547934473,0.272624538047239,0.384849414229393,0.0130347721278667,0.458881334168836,0.132017247145995,0
0.553040168015286,0.441714839544147,0.256302893860266,0.202289626235142,0.60259833978489,0.226792150177062,0.485927834641188,1
0.397456300444901,0.248981764074415,0.599870102247223,0.702130150748417,0.298696223413572,0.545824539382011,0.0993826135527343,0
0.486209418158978,0.778570476919413,0.279600742505863,0.49749597045593,0.444461869541556,0.198293858440593,0.77632555551827,1
0.827254661591724,0.960007736459374,0.823618542170152,0.349187070969492,0.455606433562934,0.496751111699268,0.0741995039861649,0
0.838424628833309,0.616896437481046,0.491406876128167,0.510941837914288,0.109945632517338,0.0803241149988025,0.82154262624681,1
0.625312600284815,0.326558922650293,0.278576380573213,0.6088414513506,0.589764795498922,0.138564979890361,0.2034348747693,0
0.254555074730888,0.473440378438681,0.185023497324437,0.782107077306136,0.282381517579779,0.653552668169141,0.99753821385093,1
0.547701613977551,0.0277558218222111,0.557713209185749,0.304921607719734,0.608229503734037,0.473841659491882,0.0845331076998264,0
0.0186226675286889,0.0969015713781118,0.746814439538866,0.700850577093661,0.69129929644987,0.458937604678795,0.47922472585924,1
0.229770526988432,0.563540965784341,0.726855342742056,0.00549142621457577,0.840885669458658,0.23356258822605,0.92379611171782,1
0.0769987774547189,0.565091683994979,0.481771796941757,0.207538364920765,0.784609289374202,0.664967388380319,0.505074343876913,1
0.281963864574209,0.0484891107771546,0.729115832597017,0.149502076208591,0.485533623723313,0.895081197842956,0.980656960047781,1
0.919642124092206,0.658223470672965,0.374187414767221,0.834106108639389,0.649220370920375,0.820650022709742,0.537167157977819,1
0.995182404061779,0.0255465488880873,0.954913745401427,0.335736053064466,0.486794000258669,0.018023821990937,0.863995332969353,0
0.77617236925289,0.276915126247332,0.0577417488675565,0.556617327267304,0.450251520145684,0.580310489051044,0.135187422623858,0
0.986136754509062,0.752301283413544,0.334934893762693,0.731509262463078,0.399653353029862,0.945102710975334,0.905694005545229,1
0.335259293671697,0.519476555520669,0.991690568858758,0.415358215337619,0.960474550258368,0.0931400742847472,0.29238359327428,0
0.798020583111793,0.423967847367749,0.281323125585914,0.443644056096673,0.425405238522217,0.222395323915407,0.440788447391242,0
0.31404699687846,0.0283742125611752,0.00426723924465477,0.464435848407447,0.556638094829395,0.862135156290606,0.180133660789579,0
0.570720129646361,0.433283892925829,0.132784375688061,0.626351017970592,0.327298829331994,0.226818921975791,0.867438183631748,1
0.0134464493021369,0.150707897497341,0.3213550534565,0.313260299153626,0.0421420093625784,0.551480795489624,0.345473791006953,0
0.165322463726625,0.468320977408439,0.332168674794957,0.686194502748549,0.788811595411971,0.309041247237474,0.472178465919569,1
0.138107397826388,0.804638711735606,0.714161876123399,0.321452633477747,0.160547960316762,0.563945912290365,0.446126565570012,1
0.0658544113393873,0.560563171748072,0.422959145624191,0.296305446187034,0.0905600776895881,0.594162254361436,0.590488560032099,1
0.69003860396333,0.515792861115187,0.501254438888282,0.622505663661286,0.86076534143649,0.361883365083486,0.60858040349558,1
0.109314364613965,0.126493621617556,0.206780816894025,0.468363447813317,0.58896878012456,0.502174592809752,0.672291485359892,0
0.513045782921836,0.153593524126336,0.3515303095337,0.537183414679021,0.07655935944058,0.920216080266982,0.960103333927691,0
0.900933181634173,0.546337227104232,0.239814594388008,0.01026854920201,0.0589324918109924,0.878014221787453,0.826333165401593,0
0.156716986559331,0.783044339157641,0.220305431401357,0.175651997094974,0.70930906641297,0.782725206343457,0.341594616649672,0
0.594669131794944,0.672251884592697,0.0411616840865463,0.333496149396524,0.839317415840924,0.953821792034432,0.863499861210585,1
0.335874043870717,0.0821666817646474,0.584658698644489,0.198547872481868,0.790163041325286,0.161737921880558,0.236101077171043,0
0.478540409356356,0.826931717805564,0.260492219589651,0.663858516374603,0.484728543786332,0.107359264511615,0.540331788593903,1
0.697540867142379,0.375219260342419,0.740095858229324,0.0454348248895258,0.638138464186341,0.92289153020829,0.207538184709847,0
0.187326943268999,0.0197517010383308,0.354189245030284,0.592008281266317,0.329447725787759,0.530085906153545,0.658342666225508,0
0.452999340603128,0.0850897636264563,0.358517591608688,0.97582638845779,0.381750602275133,0.73173419223167,0.557243729010224,1
0.996189305558801,0.887909040553495,0.411135312402621,0.960093047004193,0.856226180447266,0.324895286699757,0.588786631124094,1
0.822528362041339,0.949157331138849,0.0768314378801733,0.443662194535136,0.355467249173671,0.769255428574979,0.19853898906149,0
0.700156534090638,0.757901800563559,0.820698642637581,0.74046254879795,0.832141446415335,0.97371768951416,0.868071043165401,1
0.766692443983629,0.00885060173459351,0.763899971963838,0.884583396371454,0.460893222130835,0.822910785442218,0.273909657727927,0
0.000120655866339803,0.461921581998467,0.785535226110369,0.437914869049564,0.101816672133282,0.454468973912299,0.177117969840765,0
0.987133435439318,0.0175149505957961,0.132664274657145,0.221970305778086,0.31745069893077,0.542413884075359,0.724118740065023,1
0.765433909371495,0.90767920576036,0.155522431246936,0.214108392829075,0.662987598450854,0.594934341032058,0.524456359213218,1
0.683830142719671,0.565983114531264,0.900900796987116,0.533023824682459,0.485600592568517,0.975770919350907,0.311910333810374,0
0.649082261137664,0.58025733823888,0.191251891199499,0.047702923649922,0.198102090274915,0.338026648387313,0.324025955284014,0
0.451080787926912,0.580592998303473,0.729831201722845,0.909198655514047,0.097424098988995,0.163792970357463,0.192143822088838,0
0.00435655959881842,0.098283372586593,0.224762569880113,0.0563486719038337,0.488389725564048,0.181342179421335,0.781176410615444,0
0.265813410049304,0.623886683955789,0.0899519557133317,0.958101965719834,0.826477585593238,0.658478024415672,0.634649808518589,1
0.102829278912395,0.379292584955692,0.265586382243782,0.160714523866773,0.566451138118282,0.153036523610353,0.83482421701774,1
0.838673634920269,0.507048615720123,0.553591954056174,0.339175041764975,0.523961698869243,0.422529875300825,0.152283743256703,0
0.658776498865336,0.690532356733456,0.572280898224562,0.832327749580145,0.754332973156124,0.215612549334764,0.546568950172514,1
0.0519527429714799,0.44238641182892,0.296874676598236,0.150859941262752,0.728020608657971,0.106530144810677,0.556919454364106,1
0.368052148493007,0.848606118466705,0.0384751376695931,0.45757781015709,0.326844296650961,0.165286720031872,0.00343568925745785,0
0.850675997324288,0.207215846050531,0.315793792251498,0.817097930237651,0.865609695669264,0.697019479237497,0.556885670172051,1
0.895410337019712,0.675309781217948,0.493830243125558,0.985143770463765,0.142086773179471,0.425042319111526,0.296236180700362,0
0.669493423309177,0.707177633652464,0.868423911510035,0.785170139279217,0.103389583062381,0.843427147716284,0.628540931269526,1
0.806820394704118,0.0773788073565811,0.0308180670253932,0.317658945452422,0.741495223483071,0.362877961248159,0.0778185459785163,0
0.637166417902336,0.282971344189718,0.146671165479347,0.581572648603469,0.976887617493048,0.0585474406834692,0.615445851814002,1
0.661673980299383,0.177186662098393,0.829457030398771,0.535178111400455,0.829486890695989,0.876627881312743,0.018092263257131,1
0.972134493757039,0.0394202072639018,0.766042092582211,0.635002757888287,0.0491838296875358,0.654683852102607,0.610543699702248,1
0.634654999244958,0.290966094005853,0.846869217697531,0.0420396882109344,0.273905560839921,0.046445693820715,0.515590843511745,1
0.670003332896158,0.498236609390005,0.894128301180899,0.438321432797238,0.60486767697148,0.0543612199835479,0.444380736444145,1
0.656322586350143,0.723712380044162,0.381956602213904,0.28953640954569,0.0644347604829818,0.90870370529592,0.0682992786169052,0
0.475222055800259,0.300053164595738,0.17068098206073,0.454717410961166,0.0829450769815594,0.242246441077441,0.223905894672498,0
0.117372903274372,0.230066100135446,0.519093003123999,0.911089766770601,0.424050321336836,0.932349797338247,0.601455149007961,1
0.549250365234911,0.29678549640812,0.950343935750425,0.532614024123177,0.754371291724965,0.459162438986823,0.673410430550575,1
0.576572000281885,0.125616280827671,0.644349195063114,0.391819337848574,0.185652608284727,0.38005631044507,0.498980368953198,0
0.0292773067485541,0.0234550810419023,0.0411253825295717,0.231963916448876,0.882635509828106,0.777112849755213,0.400646861409768,1
0.912094467086717,0.568392345914617,0.89399151946418,0.27193328528665,0.492604058701545,0.370551067404449,0.333610649453476,0
0.11271795630455,0.0334531578700989,0.646103182574734,0.0310576593037695,0.548501929966733,0.0339098686818033,0.128030818421394,0
0.048601993592456,0.877510748803616,0.992025062208995,0.14367678295821,0.549894462106749,0.19449867028743,0.95878588128835,1
0.249355969252065,0.0883712063077837,0.989025634946302,0.44987466558814,0.819769541034475,0.398351676296443,0.108593236422166,0
0.140646962216124,0.440008569974452,0.483534810133278,0.521021719323471,0.596688755787909,0.304236274212599,0.342481704195961,0
0.728943753056228,0.152462914586067,0.338625693926588,0.311169072287157,0.347077841637656,0.848376089474186,0.0156519564334303,0
0.813916370505467,0.649772829376161,0.58398018614389,0.183449313510209,0.539760183775797,0.782311471411958,0.888580930186436,1
0.349236914189532,0.671022893395275,0.0798554408829659,0.981508254539222,0.933079490205273,0.51647826959379,0.532769263954833,1
0.173731574555859,0.630302262725309,0.555314179975539,0.163300841813907,0.848535092547536,0.934499191120267,0.0363396902102977,1
0.231713172513992,0.886835310375318,0.258250310318545,0.141059437766671,0.306286236271262,0.976884956238791,0.385110654402524,0
0.409756671404466,0.311245300574228,0.762672175886109,0.164377296110615,0.519955273484811,0.344844085164368,0.456290248548612,1
0.43920051609166,0.478377166436985,0.868757152697071,0.0981997200287879,0.375987990759313,0.634423638461158,0.14162838482298,0
0.847535213455558,0.787265425315127,0.352220267057419,0.87807638081722,0.0191966097336262,0.525528084486723,0.441127017373219,1
0.970073226839304,0.820476384600624,0.402934171259403,0.048951143398881,0.328624356072396,0.822005430003628,0.633692966075614,1
0.300432889955118,0.746059934375808,0.976661436259747,0.651782383443788,0.217685875017196,0.755123150534928,0.0879400612320751,0
0.208712175022811,0.980742211220786,0.987220240058377,0.952350010629743,0.390888018999249,0.000918506644666195,0.871663532685488,1
0.944007232552394,0.758340376196429,0.952351574786007,0.557511799270287,0.323390742531046,0.734661633614451,0.0110934360418469,0
0.775961570907384,0.056971489218995,0.934092341689393,0.278651747619733,0.124402312096208,0.541394629050046,0.113990662852302,0
0.545165952760726,0.728933826787397,0.324715558206663,0.729727412806824,0.905664272373542,0.296357773477212,0.396762260701507,0
0.272540557663888,0.409570009913296,0.0308967877645046,0.397254675393924,0.560328715713695,0.0990998330526054,0.126254325965419,0
0.986513467039913,0.992182783549652,0.82411622419022,0.660949823446572,0.392875352641568,0.494134825887159,0.917860072338954,1
0.271286846837029,0.674629960209131,0.587705203564838,0.323017152957618,0.82276922208257,0.547567738685757,0.149760518921539,0
0.913074158132076,0.820866856724024,0.470790860708803,0.0808793867472559,0.242769369389862,0.78714429656975,0.95579069154337,1
0.967771175550297,0.209967002505437,0.127168807433918,0.972065642243251,0.868262092815712,0.883338296087459,0.484762544510886,1
0.128359714522958,0.729266624199226,0.101898519555107,0.701379714533687,0.344889228232205,0.052391089964658,0.72822568169795,0
0.432172787608579,0.760115442797542,0.52076779352501,0.579583754995838,0.950943544972688,0.330552470637485,0.943565017078072,1
0.782043836545199,0.409256897401065,0.146795924985781,0.811378203565255,0.940030203200877,0.506554715102538,0.537109044613317,1
0.867722353897989,0.719033245230094,0.852797179482877,0.836841285228729,0.892528852215037,0.147716905456036,0.102161068003625,1
0.69495896063745,0.318713896907866,0.468478092225268,0.0573062496259809,0.285388074116781,0.00785198039375246,0.0185059309005737,0
0.301110026193783,0.0152064280118793,0.842366850702092,0.583570521324873,0.0982805932871997,0.395608393475413,0.106805441435426,0
0.619664109544829,0.088151122443378,0.245401608990505,0.127195769222453,0.622971057659015,0.781609169440344,0.112714397488162,0
0.854843975044787,0.636271360795945,0.846984746167436,0.104652790119871,0.649582194630057,0.345444534206763,0.317556669004261,0
0.255963780218735,0.556365849450231,0.0697301991749555,0.818222935544327,0.266913446364924,0.0487745229620486,0.0704086690675467,0
0.657964122481644,0.0722112392541021,0.409564045956358,0.696954636601731,0.441393998451531,0.0902137036900967,0.939961823867634,1
0.437080866424367,0.979772176593542,0.647424155846238,0.106613972457126,0.72165067656897,0.476214244728908,0.400093509349972,1
0.711620238143951,0.76556344749406,0.788324028952047,0.102720966096967,0.577783975051716,0.929751566145569,0.6052724448964,1
0.25876810355112,0.185451959259808,0.18635067017749,0.758351051947102,0.0404190625995398,0.636061589466408,0.627588032977656,1
0.252724690828472,0.201027029193938,0.462367153726518,0.0513092165347189,0.871218004496768,0.629597601946443,0.041569180553779,0
0.784928614972159,0.284279243089259,0.421700002858415,0.577751081902534,0.838827150175348,0.262405766174197,0.298711734823883,0
0.161884829169139,0.140955245355144,0.336816131835803,0.583560824161395,0.144622108200565,0.264085302129388,0.746932842768729,1
0.986091786064208,0.968019262189046,0.827752581331879,0.355839621042833,0.369346757652238,0.4385707359761,0.985718144569546,1
0.391470872797072,0.449833522783592,0.806365065742284,0.504602242726833,0.957332332618535,0.30004860740155,0.421622570138425,1
0.707261319505051,0.95708885951899,0.781624939991161,0.308291660854593,0.720044140005484,0.316303234547377,0.351655028294772,1
0.286397643154487,0.324217823101208,0.0482779268641025,0.507904105586931,0.599231431726366,0.930941228289157,0.411114768125117,1
0.177659471519291,0.854593196650967,0.252121420809999,0.992114305961877,0.599707916611806,0.714721970027313,0.57220648182556,1
0.676957267103717,0.315116868587211,0.361404055031016,0.456199227366596,0.8186028173659,0.129109286703169,0.559129370842129,1
0.612461854005232,0.705322833964601,0.172415588283911,0.218800830189139,0.42692486057058,0.327591087669134,0.187907135579735,0
0.386850384296849,0.811935189412907,0.506533620646223,0.476475560804829,0.78899573511444,0.207045637071133,0.410513413604349,1
0.447859599953517,0.258597220294178,0.781025369884446,0.86990916589275,0.750483706127852,0.890810969285667,0.71457881340757,1
0.599187326384708,0.911416701041162,0.218499390175566,0.182431370951235,0.695466518169269,0.473505259491503,0.831182508030906,1
0.438755042850971,0.764949126634747,0.387805648846552,0.404063909547403,0.410963997012004,0.637921834830195,0.886163087328896,1
0.629098956938833,0.645907782716677,0.84050816623494,0.86437333538197,0.941725151613355,0.215538523392752,0.0947096680756658,1
0.826959918951616,0.642882419051602,0.896842772141099,0.580093082971871,0.641353397630155,0.10078299487941,0.230813289992511,0
0.267783672083169,0.186499061062932,0.0973528381437063,0.208747641881928,0.780065123224631,0.475235156947747,0.628355585271493,1
0.93060720548965,0.418712256476283,0.565851251361892,0.16894967155531,0.665037477156147,0.511499252868816,0.356542730005458,0
0.855111821787432,0.912187538575381,0.41165281063877,0.466459455667064,0.850192850222811,0.601498149335384,0.784139262512326,1
0.130461637862027,0.839675639988855,0.7680357710924,0.462982597760856,0.37722488027066,0.866405087988824,0.527169481385499,1
0.845711011439562,0.00432121870107949,0.753689459292218,0.580173835391179,0.952108286088333,0.213458848884329,0.70528526767157,1
0.953141514444724,0.115787985967472,0.801075034309179,0.977574704447761,0.201155897928402,0.449089333415031,0.34324827324599,0
0.415731199318543,0.48585698986426,0.711434805998579,0.932318531675264,0.540148673579097,0.925359709654003,0.0907658538781106,1
0.30681672366336,0.611318997340277,0.54015195555985,0.423667475581169,0.297417617635801,0.367147750221193,0.423058009007946,0
0.0973743521608412,0.318696769187227,0.831794714787975,0.885712204268202,0.255641343072057,0.702294843969867,0.807454800233245,1
0.155974595109001,0.580930454889312,0.111760105704889,0.238179987063631,0.966350478120148,0.725343045778573,0.644275576109067,1
0.241510008461773,0.00266802264377475,0.0475011996459216,0.479252997087315,0.337790174642578,0.00351621792651713,0.651633564848453,0
0.574452081462368,0.520323287695646,0.377059336286038,0.902890035882592,0.246284653199837,0.38349352334626,0.895283457124606,1
0.80422448203899,0.19961941242218,0.114785871468484,0.780739822657779,0.866865219082683,0.255878418684006,0.960355026647449,1
0.0112466944847256,0.497955291066319,0.755911491811275,0.308454125886783,0.889199612196535,0.271410819841549,0.139465735759586,0
0.196149063529447,0.536779401591048,0.359174565644935,0.901972802588716,0.399617788381875,0.327387170633301,0.999863459262997,1
0.217104930430651,0.0769590716809034,0.0993891032412648,0.597740399418399,0.792186857899651,0.285560904303566,0.0301193404011428,0
0.9233384039253,0.410364271374419,0.584187322761863,0.152060088468716,0.252629090100527,0.162278153467923,0.378670980222523,0
0.840755221899599,0.466353505849838,0.719509370625019,0.249395280843601,0.5815065279603,0.402570063713938,0.905941029312089,1
0.0753646639641374,0.677329471567646,0.406939328880981,0.635933560086414,0.088926020776853,0.357516800053418,0.701814879896119,0
0.810848750174046,0.875088853063062,0.313532576197758,0.221959814894944,0.0188951850868762,0.41823907266371,0.568207804346457,1
0.0159644752275199,0.587739902781323,0.579677405068651,0.616481167031452,0.865632975706831,0.434856936801225,0.993087251903489,1
0.805095464456826,0.377445998601615,0.982507341308519,0.25442496757023,0.314783584792167,0.0504204367753118,0.281181986443698,0
0.865783360553905,0.728506377665326,0.885154942283407,0.400790709303692,0.676852707052603,0.823108409065753,0.789168701507151,1
0.858504050411284,0.684502215590328,0.276294294511899,0.479450470069423,0.398025351343676,0.400197912240401,0.340630786726251,0
0.462758363923058,0.528535626130179,0.242663489887491,0.812757119303569,0.713390820194036,0.00977398734539747,0.112693230854347,0
0.341729471227154,0.0176866007968783,0.762412854935974,0.327941541559994,0.377638380043209,0.233276604907587,0.63354170625098,0
0.671055332990363,0.758428920060396,0.573065859032795,0.277443970320746,0.389861945761368,0.942018140805885,0.73379553668201,1
0.497401132015511,0.718455117428675,0.422072264598683,0.395831555593759,0.643281249329448,0.505696308566257,0.764265555189922,1
0.756871750811115,0.0130950470920652,0.243369071977213,0.390158206922933,0.938335937680677,0.84854032844305,0.405014413874596,1
0.224609372904524,0.633131831418723,0.934078645659611,0.73655216791667,0.356794105144218,0.348570637404919,0.338603851385415,1
0.311522901756689,0.975764176342636,0.350289170164615,0.225441418820992,0.570986971259117,0.264677955536172,0.432680421741679,1
0.707975138211623,0.0734797383192927,0.161171129206195,0.044884065631777,0.721959620947018,0.800464153988287,0.878276449628174,0
